{"cameraMode":{"drawMode":0,"name":"Shaded","section":"Shading Mode"},"sceneLighting":false,"audioPlay":false,"sceneViewState":{"showFog":false,"showMaterialUpdate":false,"showSkybox":false,"showFlares":false,"showImageEffects":false,"showParticleSystems":false},"in2DMode":false,"pivot":{"x":0.0336989164352417,"y":0.8217391967773438,"z":-0.2146141529083252},"rotation":{"x":0.006133699323982,"y":0.7787905931472778,"z":0.008148601278662682,"w":-0.6275171637535095},"size":0.9055384993553162,"orthographic":false}