{"cameraMode":{"drawMode":0,"name":"Shaded","section":"Shading Mode"},"sceneLighting":false,"audioPlay":false,"sceneViewState":{"showFog":false,"showMaterialUpdate":false,"showSkybox":false,"showFlares":false,"showImageEffects":false,"showParticleSystems":false},"in2DMode":false,"pivot":{"x":0.7330414056777954,"y":0.3887723982334137,"z":-1.3960721492767335},"rotation":{"x":-0.00919781718403101,"y":0.19532862305641175,"z":-0.001481500337831676,"w":-0.9808973670005798},"size":0.6374032497406006,"orthographic":false}