{"cameraMode":{"drawMode":0,"name":"Shaded","section":"Shading Mode"},"sceneLighting":false,"audioPlay":false,"sceneViewState":{"showFog":false,"showMaterialUpdate":false,"showSkybox":false,"showFlares":false,"showImageEffects":false,"showParticleSystems":false},"in2DMode":false,"pivot":{"x":-2.139761209487915,"y":1.649289846420288,"z":-1.9217216968536378},"rotation":{"x":-0.32700881361961367,"y":0.5565713047981262,"z":-0.2518908679485321,"w":-0.7212808132171631},"size":0.9342175126075745,"orthographic":false}