{"cameraMode":{"drawMode":0,"name":"Shaded","section":"Shading Mode"},"sceneLighting":false,"audioPlay":false,"sceneViewState":{"showFog":false,"showMaterialUpdate":false,"showSkybox":false,"showFlares":false,"showImageEffects":false,"showParticleSystems":false},"in2DMode":false,"pivot":{"x":1.2749186754226685,"y":0.9189388751983643,"z":-3.7499961853027345},"rotation":{"x":0.03857598453760147,"y":0.9611115455627441,"z":-0.18331024050712586,"w":0.20366892218589784},"size":4.498453140258789,"orthographic":false}