{"cameraMode":{"drawMode":0,"name":"Shaded","section":"Shading Mode"},"sceneLighting":false,"audioPlay":false,"sceneViewState":{"showFog":false,"showMaterialUpdate":false,"showSkybox":false,"showFlares":false,"showImageEffects":false,"showParticleSystems":false},"in2DMode":false,"pivot":{"x":7.983849048614502,"y":43.63522720336914,"z":-2.122509002685547},"rotation":{"x":-0.3807904124259949,"y":0.6035205721855164,"z":-0.3953784108161926,"w":-0.5790566802024841},"size":1.1445523500442505,"orthographic":false}