{"cameraMode":{"drawMode":0,"name":"Shaded","section":"Shading Mode"},"sceneLighting":false,"audioPlay":false,"sceneViewState":{"showFog":false,"showMaterialUpdate":false,"showSkybox":false,"showFlares":false,"showImageEffects":false,"showParticleSystems":false},"in2DMode":false,"pivot":{"x":2.6142919063568117,"y":1.0388609170913697,"z":-3.7734498977661135},"rotation":{"x":-0.026525698602199556,"y":0.9680877923965454,"z":0.11339019984006882,"w":0.22281286120414735},"size":2.813595771789551,"orthographic":false}