{"cameraMode":{"drawMode":0,"name":"Shaded","section":"Shading Mode"},"sceneLighting":false,"audioPlay":false,"sceneViewState":{"showFog":false,"showMaterialUpdate":false,"showSkybox":false,"showFlares":false,"showImageEffects":false,"showParticleSystems":false},"in2DMode":false,"pivot":{"x":1.1036880016326905,"y":1.6089999675750733,"z":-2.264230489730835},"rotation":{"x":0.13802741467952729,"y":0.8309888243675232,"z":-0.23698529601097108,"w":0.48399314284324648},"size":1.8912688493728638,"orthographic":false}